-- phpMyAdmin SQL Dump
-- version 4.8.0.1
-- https://www.phpmyadmin.net/
--
-- Gostitelj: 127.0.0.1
-- Čas nastanka: 07. jun 2018 ob 12.10
-- Različica strežnika: 10.1.32-MariaDB
-- Različica PHP: 7.2.5

SET SQL_MODE = "NO_AUTO_VALUE_ON_ZERO";
SET AUTOCOMMIT = 0;
START TRANSACTION;
SET time_zone = "+00:00";


/*!40101 SET @OLD_CHARACTER_SET_CLIENT=@@CHARACTER_SET_CLIENT */;
/*!40101 SET @OLD_CHARACTER_SET_RESULTS=@@CHARACTER_SET_RESULTS */;
/*!40101 SET @OLD_COLLATION_CONNECTION=@@COLLATION_CONNECTION */;
/*!40101 SET NAMES utf8mb4 */;

--
-- Zbirka podatkov: `millionaire_v1`
--

-- --------------------------------------------------------

--
-- Struktura tabele `answers`
--

CREATE TABLE `answers` (
  `id` int(11) NOT NULL,
  `content` text COLLATE utf8mb4_slovenian_ci NOT NULL,
  `tru` int(11) NOT NULL,
  `question_id` int(11) NOT NULL
) ENGINE=InnoDB DEFAULT CHARSET=utf8mb4 COLLATE=utf8mb4_slovenian_ci;

--
-- Odloži podatke za tabelo `answers`
--

INSERT INTO `answers` (`id`, `content`, `tru`, `question_id`) VALUES
(1, 'dance', 1, 1),
(2, 'kiss', 0, 1),
(3, 'date', 0, 1),
(4, 'sex', 0, 1),
(5, 'Laufey', 1, 2),
(6, 'Odin', 0, 2),
(7, 'Jotunn', 0, 2),
(8, 'Volstagg', 0, 2),
(9, 'Arc Reactor', 1, 3),
(10, 'Battery pack', 0, 3),
(11, 'Lithium Ion Battery', 0, 3),
(12, 'The Arkstone', 0, 3),
(13, 'Drax', 1, 4),
(14, 'Black Widow', 0, 4),
(15, 'Steve Rogers', 0, 4),
(16, 'Rocket Raccoon', 0, 4),
(17, 'Dave Bautista', 1, 5),
(18, 'Georges St. Pierre', 0, 5),
(19, 'Randy Couture', 0, 5),
(20, 'Steve Austin', 0, 5),
(21, 'Physicst', 1, 6),
(22, 'Meteorolgist ', 0, 6),
(23, 'Geologist', 0, 6),
(24, 'Medical Doctor', 0, 6),
(25, 'Monaco', 1, 7),
(26, 'Paris', 0, 7),
(27, 'New York', 0, 7),
(28, 'Daytona', 0, 7),
(29, 'Drax', 1, 8),
(30, 'Ivan Vanko', 0, 8),
(31, 'Steve Rogers', 0, 8),
(32, 'Emil Blonsky', 0, 8),
(33, 'The Power Stone', 1, 9),
(34, 'The Time Stone', 0, 9),
(35, 'The Mind Stone', 0, 9),
(36, 'The Space Stone', 0, 9),
(37, 'Happy Hogan', 1, 10),
(38, 'President Ellis', 0, 10),
(39, 'Pepper Pottss', 0, 10),
(40, 'James Rhodes', 0, 10),
(41, '6', 1, 11),
(42, '20', 0, 11),
(43, '2', 0, 11),
(44, '12', 0, 11),
(45, 'Nick Fury', 1, 12),
(46, 'Black Widow', 0, 12),
(47, 'Tony Stark', 0, 12),
(48, 'Alexander Pierce', 0, 12),
(49, 'By Whistling', 1, 13),
(50, 'With His Mind Powers', 0, 13),
(51, 'With A Hidden Remote', 0, 13),
(52, 'By Talking To It', 0, 13),
(53, 'Clint Barton', 1, 14),
(54, 'Bart Clinton', 0, 14),
(55, 'Clint Coulson', 0, 14),
(56, 'Barton Carter', 0, 14),
(57, 'Vibranium', 1, 15),
(58, 'Adamantium', 0, 15),
(59, 'Mithril', 0, 15),
(60, 'Titanium Alloy', 0, 15),
(61, 'The Avengers', 1, 16),
(62, 'Captain America : The First Avenger', 0, 16),
(63, 'Iron Man 3', 0, 16),
(64, 'Guardians Of The Galaxy', 0, 16),
(65, 'Beardpapa', 0, 17),
(66, 'The Allfather', 1, 17),
(67, 'The Wisefather', 0, 17),
(68, 'The Truthsayer', 0, 17),
(69, 'Kevin Feige', 1, 18),
(70, 'Joss Whedon', 0, 18),
(71, 'Jon Favreau', 0, 18),
(72, 'Stan Lee', 0, 18),
(73, 'Gamora', 1, 19),
(74, 'Drax', 0, 19),
(75, 'Black Widow', 0, 19),
(76, 'Loki', 0, 19),
(77, 'Quicksilver And The Scarlet Witch', 1, 20),
(78, 'Andrea and Andreas Von Strucker', 0, 20),
(79, 'Sue and Johnny Storm', 0, 20),
(80, 'Satana and Hellstorm', 0, 20),
(82, 'Mjolnir', 1, 21),
(84, 'Thunder Bringer', 0, 21),
(85, 'Fjordir', 0, 21),
(86, 'Anduril', 0, 21),
(87, 'Iron Man', 1, 22),
(88, 'The Incredible Hulk', 0, 22),
(89, 'Thor', 0, 22),
(90, 'Iron Man 2', 0, 22),
(91, 'Star-Lord', 1, 23),
(92, 'Black Widow', 0, 23),
(93, 'Pepper Potts', 0, 23),
(94, 'Tony Stark', 0, 23),
(95, 'Kree', 1, 24),
(96, 'Human', 0, 24),
(97, 'Skrull', 0, 24),
(98, 'Xandarian', 0, 24),
(99, 'The Space Stone', 1, 25),
(100, 'The Power Stone', 0, 25),
(101, 'The Soul Stone', 0, 25),
(102, 'The Reality Stone', 0, 25),
(103, 'Johann Schmidt', 1, 26),
(104, 'Arnim Zola', 0, 26),
(105, 'Joseph Goebbels', 0, 26),
(106, 'Johannes Wagner', 0, 26),
(107, 'Joe & Anthony Russo', 1, 27),
(108, 'Sean & James Gunn', 0, 27),
(109, 'Ted & Sam Raimi', 0, 27),
(110, 'Joel & Ethan Coen', 0, 27),
(111, 'Hawkeye', 1, 28),
(112, 'Agent Coulson', 0, 28),
(113, 'Peggy Carter', 0, 28),
(114, 'Nick Fury', 0, 28),
(115, 'Arc Reactor', 1, 29),
(116, 'Lithium Ion Battery', 0, 29),
(117, 'The Arkstone', 0, 29),
(118, 'The Tesseract', 0, 29),
(119, 'Joss Whedon', 1, 30),
(120, 'James Cameron', 0, 30),
(121, 'James Gunn', 0, 30),
(122, 'David S. Goyer', 0, 30),
(123, 'Galaga', 1, 31),
(124, 'Donkey Kong', 0, 31),
(125, 'Pac-Man', 0, 31),
(126, 'Space Invaders', 0, 31),
(127, 'Space Stone', 1, 32),
(128, 'Mind Stone', 0, 32),
(129, 'Reality Stone', 0, 32),
(130, 'Power Stone', 0, 32),
(131, 'Mind Stone', 1, 33),
(132, 'Space Stone', 0, 33),
(133, 'Reality Stone', 0, 33),
(134, 'Power Stone', 0, 33),
(135, 'Reality Stone', 1, 34),
(136, 'Power Stone', 0, 34),
(137, 'Mind Stone', 0, 34),
(138, 'Space Stone', 0, 34),
(139, 'Time Stone', 1, 35),
(140, 'Soul Stone', 0, 35),
(141, 'Power Stone', 0, 35),
(142, 'Reality Stone', 0, 35),
(143, 'Soul Stone', 1, 36),
(144, 'Power Stone', 0, 36),
(145, 'Time Stone', 0, 36),
(146, 'Space Stone', 0, 36),
(147, '2008', 1, 37),
(148, '2005', 0, 37),
(149, '2010', 0, 37),
(150, '2012', 0, 37),
(151, 'Marvel\'s The Avengers', 1, 38),
(152, 'Thor', 0, 38),
(153, 'Captain America : The First Avenger', 0, 38),
(154, 'Iron Man 3', 0, 38),
(155, 'Captain America: The First Avenger', 1, 39),
(156, ' Marvel\'s The Avengers', 0, 39),
(157, 'Iron Man 2', 0, 39),
(158, 'The Incredible Hulk', 0, 39),
(159, 'Black Widow', 1, 40),
(160, 'Black Panther', 0, 40),
(161, 'Doctor Strange', 0, 40),
(162, 'Ant - Man', 0, 40),
(163, '3', 1, 41),
(164, '1', 0, 41),
(165, '2', 0, 41),
(166, '4', 0, 41),
(167, '3', 1, 42),
(168, '1', 0, 42),
(169, '2', 0, 42),
(170, '4', 0, 42),
(171, '3', 1, 43),
(172, '1', 0, 43),
(173, '2', 0, 43),
(174, '4', 0, 43),
(175, '2', 1, 44),
(176, '1', 0, 44),
(177, '3', 0, 44),
(178, '4', 0, 44),
(179, '1', 1, 45),
(180, '2', 0, 45),
(181, '3', 0, 45),
(182, '4', 0, 45),
(183, '1', 1, 46),
(184, '2', 0, 46),
(185, '3', 0, 46),
(186, '4', 0, 46),
(187, '1', 1, 47),
(188, '2', 0, 47),
(189, '3', 0, 47),
(190, '4', 0, 47),
(191, '1', 1, 48),
(192, '2', 0, 48),
(193, '3', 0, 48),
(194, '4', 0, 48),
(195, 'Punisher', 1, 49),
(196, 'Armin Zola', 0, 49),
(197, 'Mandarin', 0, 49),
(198, 'Dr. Octopus', 0, 49),
(199, 'Spider - man', 1, 50),
(200, 'Iron-man', 0, 50),
(201, 'Wolverine', 0, 50),
(202, 'Daredevil', 0, 50),
(203, 'Cerebro', 1, 51),
(204, 'Psychismo', 0, 51),
(205, 'The Cortex', 0, 51),
(206, 'The Mighty Enhancer', 0, 51),
(207, 'Yellowjacket', 1, 52),
(208, 'Bluejacket', 0, 52),
(209, 'Redjacket', 0, 52),
(210, ' Blackjacket', 0, 52),
(211, 'Avengers: Infinity War', 1, 53),
(212, 'Avengers: Battle of Thanos', 0, 53),
(213, 'Avengers: Space Battle', 0, 53),
(214, 'Avengers: Infinity Gautlet', 0, 53),
(215, 'Bow and Arrow', 1, 54),
(216, 'Gun', 0, 54),
(217, 'Marial Arts', 0, 54),
(218, 'Nunchucks', 0, 54),
(219, 'Asgard', 1, 55),
(220, 'Midgard', 0, 55),
(221, 'Jotunheim', 0, 55),
(222, 'Vanaheim', 0, 55),
(223, 'Natalie Rushman', 1, 56),
(224, 'Natalia Rushmore', 0, 56),
(225, 'Natasha Romanov', 0, 56),
(226, 'Natalie Rushman', 0, 56),
(227, 'Strawberries', 1, 57),
(228, 'Nuts', 0, 57),
(229, 'Cinnamon', 0, 57),
(230, 'Gluten', 0, 57),
(231, 'PTSD', 1, 58),
(232, 'Alcoholism', 0, 58),
(233, 'Abuse', 0, 58),
(234, 'Terminal Illness', 0, 58),
(235, 'The Milano', 1, 59),
(236, 'The Titanium Falcon', 0, 59),
(237, 'The Madonna', 0, 59),
(238, 'The Hyperion', 0, 59),
(239, 'Edward', 1, 60),
(240, 'Howard', 0, 60),
(241, 'John', 0, 60),
(242, 'Grant', 0, 60),
(243, 'Culver', 1, 61),
(244, 'Greendale', 0, 61),
(245, 'Barnett', 0, 61),
(246, 'Harvard', 0, 61),
(247, 'Project Insight', 1, 62),
(248, 'Project Rebirth', 0, 62),
(249, 'Project Pegasus', 0, 62),
(250, 'Project Purity', 0, 62),
(251, 'WARMACHINEROX', 1, 63),
(252, 'IAMIRONPATRIOT', 0, 63),
(253, 'PASSWORD', 0, 63),
(254, 'RHODESRULES', 0, 63),
(255, '1918', 1, 64),
(256, '1920', 0, 64),
(257, '1922', 0, 64),
(258, '1935', 0, 64),
(259, 'Sea Bass', 1, 65),
(260, 'Salmon', 0, 65),
(261, 'Mahi Mahi', 0, 65),
(262, 'Tilapia', 0, 65),
(263, 'Power Stone', 1, 66),
(264, 'Space Stone', 0, 66),
(265, 'Mind Stone', 0, 66),
(266, 'Soul Stone', 0, 66),
(267, 'Three months', 1, 67),
(268, 'One month', 0, 67),
(269, 'Seven months', 0, 67),
(270, 'Eleven months', 0, 67),
(271, 'The Leader', 1, 68),
(272, 'Kang', 0, 68),
(273, 'Deathlok', 0, 68),
(274, 'Absorbing Man', 0, 68),
(275, 'Kal-El	', 1, 69),
(276, 'Clark Kent', 0, 69),
(277, 'Peter Parker', 0, 69),
(278, 'Bruce Wayne', 0, 69),
(279, 'Speedy', 1, 70),
(280, 'Blue Arrow', 0, 70),
(281, 'Slick', 0, 70),
(282, 'Quick Arrow', 0, 70),
(283, 'Barbara Gordon', 1, 71),
(284, 'Jimmy Olsen', 0, 71),
(285, 'The Riddler', 0, 71),
(286, 'Lois Lane', 0, 71),
(287, 'The Joker', 1, 72),
(288, 'The Riddler', 0, 72),
(289, 'Batman', 0, 72),
(290, 'Two-Face', 0, 72),
(291, 'Jay Garrick', 1, 73),
(292, 'Wally West', 0, 73),
(293, 'Barry Allen', 0, 73),
(294, 'Bart Allen', 0, 73),
(295, 'John Stewart', 1, 74),
(296, 'Wally West', 0, 74),
(297, 'Princess Diana', 0, 74),
(298, 'Harvey Dent', 0, 74),
(299, 'Catwoman', 1, 75),
(300, 'Lois Lane', 0, 75),
(301, 'Poison Ivy', 0, 75),
(302, 'Huntress', 0, 75),
(303, 'Hal Jordan', 1, 76),
(304, 'Kyle Rayner', 0, 76),
(305, 'Green Arrow', 0, 76),
(306, 'Guy Gardner', 0, 76),
(307, 'Blue Lantern', 1, 77),
(308, 'Green Lantern', 0, 77),
(309, 'Black Lantern', 0, 77),
(310, 'Orange Lantern', 0, 77),
(311, 'Yellow', 1, 78),
(312, 'Orange', 0, 78),
(313, 'Blue', 0, 78),
(314, 'Blue', 0, 78),
(315, 'Jason Todd', 1, 79),
(316, 'Tim Drake', 0, 79),
(317, 'Dick Grayson', 0, 79),
(318, 'Alfred Pennyworth', 0, 79),
(319, 'Lazarus Pit', 1, 80),
(320, 'Kryptonite', 0, 80),
(321, 'The Multiverse', 0, 80),
(322, 'Cosmic Treadmill', 0, 80),
(323, 'Captain America', 1, 81),
(324, 'Spiderman', 0, 81),
(325, 'Wolverine', 0, 81),
(326, 'The Hulk', 0, 81),
(327, 'The Joker', 1, 82),
(328, 'Two-Face', 0, 82),
(329, 'Clayface', 0, 82),
(330, 'The Riddler', 0, 82),
(331, 'Speedy', 1, 83),
(332, 'Arsenal', 0, 83),
(333, 'Sis\'', 0, 83),
(334, 'Little one', 0, 83),
(335, 'Joe Chill', 1, 84),
(336, 'Jon Macy', 0, 84),
(337, 'Jack Napier', 0, 84),
(338, 'Jason Todd ', 0, 84),
(339, 'The Joker', 1, 85),
(340, 'Two-Face', 0, 85),
(341, 'Jim Gordon', 0, 85),
(342, 'Hugo Strange', 0, 85),
(343, 'Hippolyta', 1, 86),
(344, 'Antiope', 0, 86),
(345, 'Cassandra \"Cassie\" Sandmark', 0, 86),
(346, 'Afrodita', 0, 86),
(347, 'Oliver Queen', 1, 87),
(348, 'Barry Allen', 0, 87),
(349, 'Hawkman', 0, 87),
(350, 'mr. Terrific', 0, 87),
(351, 'Lex Luthor', 1, 88),
(352, 'Basil Karlo (Clayface)', 0, 88),
(353, 'Harvey Dent', 0, 88),
(354, 'Vandal Savage', 0, 88),
(355, 'Kilowog ', 1, 89),
(356, 'Isamot Kol', 0, 89),
(357, 'Alan Scott', 0, 89),
(358, 'Thaal Sinestro', 0, 89),
(359, 'Thanagar', 1, 90),
(360, 'Krypton', 0, 90),
(361, 'Earth', 0, 90),
(362, 'Mars', 0, 90),
(363, 'Doomsday', 1, 91),
(364, 'Darkseid', 0, 91),
(365, 'Lex Luthor', 0, 91),
(366, 'Lex Luthor', 0, 91),
(367, 'Green Lantern ', 1, 92),
(368, 'Green Lantern ', 0, 92),
(369, 'Cyborg', 0, 92),
(370, 'Aquaman', 0, 92),
(371, 'Maxwell Lord', 1, 93),
(372, 'Talia al Ghul', 0, 93),
(373, 'Ra\'s Al Ghul', 0, 93),
(374, 'Cheetah (Minerva)', 0, 93),
(375, 'Hugo Strange', 1, 94),
(376, 'Jonathan Crane', 0, 94),
(377, 'Ace', 0, 94),
(378, 'Joker', 0, 94),
(379, 'Willie Fawcett ', 1, 95),
(380, 'Kyle Rayner', 0, 95),
(381, 'Teth-Adam of Kahndaq', 0, 95),
(382, 'Don Newtom', 0, 95),
(383, 'Oswald Chesterfield Cobblepot', 1, 96),
(384, 'Waylon Jones', 0, 96),
(385, 'Ra\'s al Ghul', 0, 96),
(386, 'Edmond Dantes', 0, 96),
(387, 'James Gordon', 1, 97),
(388, 'Donald Peak', 0, 97),
(389, 'Bruce Wayne', 0, 97),
(390, 'Carlos Alvarez', 0, 97),
(391, 'Krypton', 1, 98),
(392, 'Starlag', 0, 98),
(393, 'Portworld', 0, 98),
(394, 'Ranx', 0, 98),
(395, 'Super wealthy', 1, 99),
(396, 'Super strenght', 0, 99),
(397, 'Super speed', 0, 99),
(398, 'Super intelligence', 0, 99),
(399, 'Constantine', 1, 100),
(400, 'Cyborg', 0, 100),
(401, 'Martian Manhunter', 0, 100),
(402, 'Green Arrow', 0, 100),
(403, 'Amazonian', 1, 101),
(404, 'Libanese', 0, 101),
(405, 'French', 0, 101),
(406, 'Kryptonian', 0, 101),
(407, 'Joker', 1, 102),
(408, 'Deadshot', 0, 102),
(409, 'Harley Quinn', 0, 102),
(410, 'Slipknot', 0, 102),
(411, 'Darkseid', 1, 103),
(412, 'Two-face', 0, 103),
(413, 'Ra\'s al Ghul', 0, 103),
(414, 'The Riddler', 0, 103),
(415, 'Bounty Hunter', 1, 104),
(416, 'Ophthalmologist', 0, 104),
(417, 'Solider', 0, 104),
(418, 'Taxi Driver', 0, 104),
(419, 'Doomsday', 1, 105),
(420, 'Lex Luthor', 0, 105),
(421, 'Darkseid', 0, 105),
(422, 'Parasite', 0, 105),
(423, 'Green Arrow', 1, 106),
(424, 'Aquaman', 0, 106),
(425, 'Power Girl', 0, 106),
(426, 'Zatana', 0, 106),
(427, 'Shazam', 1, 107),
(428, 'Green lantern', 0, 107),
(429, 'Thor', 0, 107),
(430, 'Arisia', 0, 107),
(431, 'Harvey Dent', 1, 108),
(432, 'Alfred Pennyworth', 0, 108),
(433, 'Fish Mooney', 0, 108),
(434, 'Lucius Fox', 0, 108),
(435, 'Allan Scot', 1, 109),
(436, 'Hall Jordan', 0, 109),
(437, 'Guy Gardner', 0, 109),
(438, 'John Stewart', 0, 109),
(439, 'Thief', 1, 110),
(440, 'Assassin', 0, 110),
(441, 'Terrorist', 0, 110),
(442, 'Blackmailer', 0, 110),
(443, 'August Heart', 1, 111),
(444, 'Hunter Zolomon', 0, 111),
(445, 'Eobard Thawn', 0, 111),
(446, 'Barry Allan', 0, 111),
(447, 'Edward Nygma', 1, 112),
(448, 'Fish Mooney', 0, 112),
(449, 'Alfred Pennyworth', 0, 112),
(450, 'Mario Falcone', 0, 112),
(451, 'Batman, Superman, Wonderwoman', 1, 113),
(452, 'Batman, Supergirl, Zatanna', 0, 113),
(453, 'Robin, Starfire, Cyborg', 0, 113),
(454, 'Superman, Flash, Hawkgirl', 0, 113),
(455, 'Infinite\r\n', 1, 114),
(456, '52', 0, 114),
(457, '1', 0, 114),
(458, '1,052\r\n', 0, 114),
(459, '1940', 1, 115),
(460, '1987', 0, 115),
(461, '1954', 0, 115),
(462, '1904', 0, 115),
(463, 'clay / sand', 1, 116),
(464, 'flash / word', 0, 116),
(465, 'iron / metal', 0, 116),
(466, 'paper ', 0, 116),
(467, 'Aqualad, Robin, Kid Flash, Speedy', 1, 117),
(468, 'Robin, Aqualad, Kid Flash, Starfire', 0, 117),
(469, 'Robin, Speedy, Aqualad, Beast Boy ', 0, 117),
(470, 'Robin, Cyborg, Raven, Zatanna ', 0, 117),
(471, '1934', 1, 118),
(472, '1955', 0, 118),
(473, '1904', 0, 118),
(474, '1927', 0, 118),
(475, 'Bill Finger and Bob Kane', 1, 119),
(476, 'Martin King ans Sarah Marshall', 0, 119),
(477, 'Bruce Hammill and Wayne Thomas', 0, 119),
(478, 'Bob Williams', 0, 119),
(479, 'WAY to many to count', 1, 120),
(480, '45', 0, 120),
(481, '4', 0, 120),
(482, '52', 0, 120),
(483, 'Malcom Wheeler-Nicholson', 1, 121),
(484, 'George Perez', 0, 121),
(485, 'Mark Marden', 0, 121),
(486, 'Jim Gordon', 0, 121),
(487, 'Iris West', 1, 122),
(488, 'Linda Park', 0, 122),
(489, 'Patty Spivot', 0, 122),
(490, 'Diana Prince', 0, 122),
(491, 'Damien', 1, 123),
(492, 'Dick', 0, 123),
(493, 'Jason', 0, 123),
(494, 'Tim', 0, 123),
(495, 'Selena Kyle', 1, 124),
(496, 'Kyle Rainer', 0, 124),
(497, 'John Stewart', 0, 124),
(498, 'Hal Jordan', 0, 124),
(499, '9', 1, 125),
(500, '7', 0, 125),
(501, '2', 0, 125),
(502, '1', 0, 125),
(503, 'They were both born to millionaire families and lost their parents', 1, 125),
(504, 'They\'re both villains', 0, 126),
(505, 'They\'re both rich', 0, 126),
(506, 'None of the above', 0, 126),
(507, 'Dick Grayson', 1, 127),
(508, 'Tim Drake ', 0, 127),
(509, 'Jason Todd', 0, 127),
(510, 'Damien Wayne', 0, 127),
(511, 'William Moulton and H.G.Peter', 1, 128),
(512, 'H.G.Peter', 0, 128),
(513, 'Susan Peters', 0, 128),
(514, 'Brittney Sanders and Tia Marshall', 0, 128),
(515, 'brightest, blackest, evil', 1, 129),
(516, 'darkest, brightest, one', 0, 129),
(517, 'sunny, claudy, villain', 0, 129),
(518, 'lightest, nightest, hero', 0, 129),
(519, 'fears', 1, 130),
(520, 'hope', 0, 130),
(521, 'tears', 0, 130),
(522, 'logic', 0, 130),
(523, 'blood and rage, corpse so freshly dead', 1, 131),
(524, 'eyes, cage', 0, 131),
(525, 'sage and mage,  stinky crimson bed', 0, 131),
(526, 'mine lust for blod, body dead', 0, 131),
(527, 'rage', 1, 132),
(528, 'greed', 0, 132),
(529, 'dear', 0, 132),
(530, 'will', 0, 132),
(531, 'greed', 1, 133),
(532, 'rage', 0, 133),
(533, 'fear', 0, 133),
(534, 'will', 0, 133),
(535, 'fear', 1, 134),
(536, 'greed ', 0, 134),
(537, 'will', 0, 134),
(538, 'rage', 0, 134),
(539, 'will ', 1, 135),
(540, 'hope', 0, 135),
(541, 'compashion', 0, 135),
(542, 'love', 0, 135),
(543, 'hope', 1, 136),
(544, 'will', 0, 136),
(545, 'compassion', 0, 136),
(546, 'love', 0, 136),
(547, 'compassion', 1, 137),
(548, 'hope', 0, 137),
(549, 'rage', 0, 137),
(550, 'love', 0, 137),
(551, 'love', 1, 138),
(552, 'hope', 0, 138),
(553, 'will', 0, 138),
(554, 'greed', 0, 138),
(555, 'Garfield Logan', 1, 139),
(556, 'Steve Rogers', 0, 139),
(557, 'Michael Lawrence', 0, 139),
(558, 'Garfield Harris', 0, 139),
(559, 'Sisters\r\n', 1, 140),
(560, 'Both are Cousins\r\n', 0, 140),
(561, 'Mother/Daughter', 0, 140),
(562, 'No relation', 0, 140),
(563, 'Dinah Laurel Lance', 1, 141),
(564, 'Dinah Sarah Lance', 0, 141),
(565, 'Dinah Drake Lance', 0, 141),
(566, 'Dinah Kaitlin Lance', 0, 141),
(567, 'Leonard Snart', 1, 142),
(568, 'Garfield Logan', 0, 142),
(569, 'Harry Johnson', 0, 142),
(570, 'Daniel West', 0, 142),
(571, 'Victor Stone, Football Player', 1, 143),
(572, 'Victor Stone, Wrestler', 0, 143),
(573, 'Victor Lewis, Musician\r\n', 0, 143),
(574, 'Victor Marshall, Scientist', 0, 143),
(575, 'Scientific and Technological Advanced Research', 1, 143),
(576, 'Scientific and Technical Adult Research', 0, 144),
(577, 'Superior Tactics of Adult Reptiles', 0, 144),
(578, 'Super Technology of Advanced Research', 0, 144),
(579, 'Suli', 1, 145),
(580, 'Aara', 0, 145),
(581, 'Ma\'at', 0, 145),
(582, 'Apollymi', 0, 145),
(583, 'Floyd Lawton', 1, 146),
(584, 'Damien Cruise', 0, 146),
(585, 'Jason Newton\r\n', 0, 146),
(586, 'Floyd Mayweather', 0, 146),
(587, 'New 55', 1, 147),
(588, 'New S Reboot', 0, 147),
(589, 'New 52', 0, 147),
(590, 'Comic Reboot 1', 0, 147),
(591, 'Ronnie Raymond, Martin Stein', 1, 148),
(592, 'Kaitlin Snow, Ronnie Raymond', 0, 148),
(593, 'Martin Stein, Cisco Ramone', 0, 148),
(594, 'None of these', 0, 148),
(595, 'Qui-Gon Jinn', 1, 149),
(596, 'Kit Fisto', 0, 149),
(597, 'Anakin Skywalker', 0, 149),
(598, 'Bultar Swan', 0, 149),
(599, 'Aayla Secura', 1, 150),
(600, 'Lumina Unduli', 0, 150),
(601, 'Celeman Trebor', 0, 150),
(602, 'Agent Kolar', 0, 150),
(603, 'Depa Billaba', 1, 151),
(604, 'Obi-Wan Kenobi', 0, 151),
(605, 'Yarael Poof', 0, 151),
(606, 'Qui-Gon Jinn', 0, 151),
(607, 'Mace Windu and Ki-Adi Mundi', 1, 152),
(608, 'Anakin Skywalker and Yoda', 0, 152),
(609, 'Shaak Ti and Obi-Wan Kenobi', 0, 152),
(610, 'Plo Koon and Kit Fisto', 0, 152),
(611, 'Yaddle', 1, 153),
(612, 'Yindu', 0, 153),
(613, 'Yodo ', 0, 153),
(614, 'Yanno', 0, 153),
(615, 'Quinlan Vos', 1, 154),
(616, 'Mace Windu', 0, 154),
(617, 'Barris Offee', 0, 154),
(618, 'Pong Krell', 0, 154),
(619, 'Sif-Dyas', 1, 155),
(620, 'Obi-Wan Kenobi', 0, 155),
(621, 'Taun We', 0, 155),
(622, 'Ima-Gun Di', 0, 155),
(623, 'Wolfpack', 1, 156),
(624, 'Domino Squad', 0, 156),
(625, 'Bad batch', 0, 156),
(626, 'Fortrot Gropu', 0, 156),
(627, '20,000', 1, 157),
(628, '30,000 ', 0, 157),
(629, '10,000', 0, 157),
(630, '40,000', 0, 157),
(631, 'Ahch-To', 1, 158),
(632, 'Dagobah', 0, 158),
(633, 'Scarif', 0, 158),
(634, 'Jedha', 0, 158),
(635, 'Ewan McGregor', 1, 159),
(636, 'Harrison Ford', 0, 159),
(637, 'Hayden Cristensen', 0, 159),
(638, 'James Earl Jones', 0, 159),
(639, 'Return of the Jedi', 1, 160),
(640, 'The Phantom Menace', 0, 160),
(641, 'A New Hope ', 0, 160),
(642, 'Revange of the Sith', 0, 160),
(643, 'Alec Guinness', 1, 161),
(644, 'Harrison Ford', 0, 161),
(645, 'John retzenberger', 0, 161),
(646, 'Mark Hamill', 0, 161),
(647, 'Less than 12 parsecs', 1, 162),
(648, 'Less than 5 parsecs', 0, 162),
(649, 'Less than 20 parsecs', 0, 162),
(650, 'Less than 42 parsecs', 0, 162),
(651, 'Alderaan', 1, 163),
(652, 'Hoth', 0, 163),
(653, 'Dagobah', 0, 163),
(654, 'Scarif', 0, 163),
(655, 'Obi-Wan Kenobi', 1, 164),
(656, 'Darth Vader', 0, 164),
(657, 'Emperor Palpatine', 0, 164),
(658, 'Senator Organa', 0, 164),
(659, 'Darth Vader', 1, 165),
(660, 'Indiana Jones', 0, 165),
(661, 'Han Solo', 0, 165),
(662, 'Obi-Wan Kenobi', 0, 165),
(663, 'Padme', 1, 166),
(664, 'Mara Jade', 0, 166),
(665, 'Jaina', 0, 166),
(666, 'Leia', 0, 166),
(667, 'Frank Oz', 1, 167),
(668, 'Jimmy Jona Jameson', 0, 167),
(669, 'Jim Henson', 0, 167),
(670, 'Kevin Clash', 0, 167),
(671, 'Slave 1', 1, 168),
(672, 'Icebreaker', 0, 168),
(673, 'Raven\'s Claw', 0, 168),
(674, 'Raveger', 0, 168),
(675, 'Acting as a stand-in for auditions for the film', 1, 169),
(676, 'Hiring a PR firm to advocate on his behalf', 0, 169),
(677, 'Sending George Lucas a gift basket filled with chocolate and wine', 0, 169),
(678, 'Make fun of others in realy funny voice', 0, 169),
(679, 'Adventure and excitement', 1, 170),
(680, 'Faith and hope', 0, 170),
(681, 'Peace and understanding', 0, 170),
(682, 'Meditation', 0, 170),
(683, 'James Earl Jones', 1, 171),
(684, 'Morgan Freeman', 0, 171),
(685, 'Samuel L. Jackson', 0, 171),
(686, 'John Wesley Shipp', 0, 171),
(687, 'Harrison Ford', 1, 172),
(688, 'Mark Hamill', 0, 172),
(689, 'Alec Guinness', 0, 172),
(690, 'George Lucas', 0, 172),
(691, 'Ray Park', 1, 173),
(692, 'Sam Neal', 0, 173),
(693, 'Ewan McGregor', 0, 173),
(694, 'John Travolta', 0, 173),
(695, 'Tauntaun', 1, 174),
(696, 'Wookie', 0, 174),
(697, 'Womp rat', 0, 174),
(698, 'Giant Poro', 0, 174),
(699, 'Nazi Germany', 1, 175),
(700, 'Communist Russia', 0, 175),
(701, 'The Japanese Empire', 0, 175),
(702, 'Roman Empire', 0, 175),
(703, 'Jabba the Hut', 1, 176),
(704, 'Yoda', 0, 176),
(705, 'The Ewoks', 0, 176),
(706, 'R2-D2', 0, 176),
(707, '43', 1, 177),
(708, '72', 0, 177),
(709, '12', 0, 177),
(710, '15', 0, 177),
(711, '1', 1, 178),
(712, '7', 0, 178),
(713, '12', 0, 178),
(714, '3', 0, 178),
(715, 'Ahman Best', 1, 179),
(716, 'Frank Oz', 0, 179),
(717, 'James Earl Jones', 0, 179),
(718, 'Mark Hamill', 0, 179),
(719, 'With an opening crawl of dialogue', 1, 180),
(720, 'With an opening shot of Tatooine', 0, 180),
(721, 'With a stars in background and star destroyer ', 0, 180),
(722, 'With a monologue from a Jedi', 0, 180),
(723, 'Ewan McGregor', 1, 181),
(724, 'Samuel L.Jackson', 0, 181),
(725, 'Liam Neeson', 0, 181),
(726, 'Mark Hamill', 0, 181),
(727, 'Billy Dee Williams', 1, 182),
(728, 'Jim Brown', 0, 182),
(729, 'Morgan Freeman', 0, 182),
(730, 'Samuel L. Jackson', 0, 182),
(731, 'Leia', 1, 183),
(732, 'Han', 0, 183),
(733, 'Luke', 0, 183),
(734, 'C3-PO', 0, 183),
(739, 'Carbonite', 1, 184),
(740, 'Dry Ice', 0, 184),
(741, 'Cold Steel', 0, 184),
(742, 'Glue ', 0, 184),
(743, 'Orson Welles', 1, 185),
(744, 'Jimmy Hendrix ', 0, 185),
(745, 'Marlon Brando', 0, 185),
(746, 'Al Pacino', 0, 185),
(747, 'Norway', 1, 186),
(748, 'Russia', 0, 186),
(749, 'Sweden', 0, 186),
(750, 'Island', 0, 186),
(751, 'Tunisia', 1, 187),
(752, 'Somalia', 0, 187),
(753, 'Egypt', 0, 187),
(754, 'Nigeria', 0, 187),
(755, 'X-Wings', 1, 189),
(756, 'Tie-Fighters', 0, 189),
(757, 'Star Fighters', 0, 189),
(758, 'Star Crushers', 0, 189),
(759, 'Obi-Wan Kenobi', 1, 190),
(760, 'Han Solo', 0, 190),
(761, 'Yoda', 0, 190),
(762, 'Luke Skywalker', 0, 190),
(763, 'Obi-Wan Kenobi', 1, 188),
(764, 'Anakin Skywalker', 0, 188),
(765, 'Yoda', 0, 188),
(766, 'Mace Windu', 0, 188),
(767, 'Who shoot first ? ', 1, 191),
(768, 'Who is Luke\'s father ?', 0, 191),
(769, 'What planet did Death star destroyed ?', 0, 191),
(770, 'What is \"The Force\" ?', 0, 191),
(771, 'He shoot all scenes in 1 day', 1, 192),
(772, 'He was allowed to film in flip flops', 0, 192),
(773, 'He had private fruit butique', 0, 192),
(774, 'He just lent his face in CGI, rest was done by his stunt double', 0, 192),
(775, '$50 million', 1, 193),
(776, '$1.5 billion', 0, 193),
(777, '$750 million', 0, 193),
(778, '$4 billion', 0, 193),
(779, 'Blue Harvest', 1, 194),
(780, 'White Flag', 0, 194),
(781, 'Red Dawn', 0, 194),
(782, 'Lightning rod', 0, 194),
(783, 'Ewok', 1, 195),
(784, 'Force', 0, 195),
(785, 'Wookie', 0, 195),
(786, 'Rebel', 0, 195),
(787, 'Warwick Davis', 1, 196),
(788, 'Tyrion Lannister', 0, 196),
(789, 'Gary Coleman', 0, 196),
(790, 'Kenny Baker', 0, 196),
(791, 'The word \"DROID\" ', 1, 197),
(792, 'The Star Wars Logo', 0, 197),
(793, 'The word \"Lightsaber\"', 0, 197),
(794, 'The theme song', 0, 197),
(795, 'Keira Knightly', 1, 198),
(796, 'Carrie Fisher', 0, 198),
(797, 'Evan Rachel Wood', 0, 198),
(798, 'Emma Watson', 0, 198),
(799, 'Speak while wearing his costume', 1, 199),
(800, 'Eat while wearing his costume', 0, 199),
(801, 'Walk around in his coustume', 0, 199),
(802, 'Sleep in his costume', 0, 199),
(803, '$10,000', 1, 200),
(804, '$50,000', 0, 200),
(805, '$100,000', 0, 200),
(806, '$50,000', 0, 200),
(807, 'Starkiller', 1, 201),
(808, 'Starblaster', 0, 201),
(809, 'Stargazer', 0, 201),
(810, 'Starlord', 0, 201),
(811, 'A monkey with a cane', 1, 202),
(812, 'A robotic tiger', 0, 202),
(813, 'An animatronic penguin', 0, 202),
(814, 'A midget', 0, 202),
(815, 'English', 1, 203),
(816, 'French', 0, 203),
(817, 'Spanish', 0, 203),
(818, 'Chinese', 0, 203),
(819, 'Cloud City', 1, 204),
(820, 'Endor', 0, 204),
(821, 'Hoth', 0, 204),
(822, 'Naboo', 0, 204),
(823, 'Lucas gava Jackson a purple lightsaber', 1, 205),
(824, 'Lucas cast Jackson\'s Nephew as a youngling', 0, 205),
(825, 'Lucas let Jackson help design his own action figure', 0, 205),
(826, 'Lucas gave Jackson the only curse wod in the series', 0, 205),
(827, 'Grand moff tarkin', 1, 206),
(828, 'darth vader', 0, 206),
(829, 'admiral ackbar', 0, 206),
(830, 'the emperor', 0, 206),
(831, 'General grievous', 1, 207),
(832, 'Darth Vader', 0, 207),
(833, 'Darth Tyranus ', 0, 207),
(834, 'Darth Maul', 0, 207),
(835, 'You were right ', 1, 208),
(836, 'I\'m sorry', 0, 208),
(837, 'May the force be with you', 0, 208),
(838, 'Pass on ... what you have learned', 0, 208),
(839, 'He didn\'t have one', 1, 209),
(840, 'Owen lars', 0, 209),
(841, 'Cade Skywalker', 0, 209),
(842, 'Senator Palpatine', 0, 209),
(843, 'The galactic republic and the seperatist alliance', 1, 210),
(844, 'The rebel allience and the galactic empire', 0, 210),
(845, 'The jedi and the sith', 0, 210),
(846, 'The gungan grand army and the tusken raiders', 0, 210),
(847, 'San Lorenzo', 0, 211),
(848, 'Isla Nublar', 1, 211),
(849, 'Koholint Island', 0, 211),
(850, 'Isle of Naboombu', 0, 211),
(851, 'A dog show', 0, 212),
(852, 'A flea circus', 1, 212),
(853, 'A Wild West theme park', 0, 212),
(854, 'An island stocked with enormous murderous lizards', 0, 212),
(855, 'Paleontologist', 0, 213),
(856, 'Sociologist', 0, 213),
(857, 'Mathematician', 1, 213),
(858, 'Journalist', 0, 213),
(859, 'ARRRRGH! DINOSAURS!', 0, 214),
(860, 'Have we got a vacation for you!', 0, 214),
(861, 'Buy the ticket, take the ride', 0, 214),
(862, 'An adventure 65 million years in the making', 1, 214),
(863, 'Juliette Binoche', 1, 215),
(864, 'Helena Bonham Carter', 0, 215),
(865, 'Winona Ryder', 0, 215),
(866, 'Julie Delpy', 0, 215),
(867, 'Deinonychus', 0, 216),
(868, 'Compsognathus', 0, 216),
(869, 'Edmontosaurus', 0, 216),
(870, 'Gallimimus', 1, 216),
(871, 'They\'re all male', 0, 217),
(872, 'They\'re all female', 1, 217),
(873, 'Dinosaur contraceptives', 0, 217),
(874, 'They just don\'t fancy each other', 0, 217),
(875, 'Iguanodon', 0, 218),
(876, 'Stegosaurus', 0, 218),
(877, 'Triceratops', 1, 218),
(878, 'Diplodocus', 0, 218),
(879, 'By mistake', 0, 219),
(880, 'In protest at unfair working conditions', 0, 219),
(881, 'To steal some dinosaurs', 1, 219),
(882, 'For the lulz', 0, 219),
(883, 'A noise cannon', 0, 220),
(884, 'A guitar string', 1, 220),
(885, 'A vibrator', 0, 220),
(886, 'CGI', 0, 220),
(887, 'An earthquake', 0, 221),
(888, 'A hurricane', 1, 221),
(889, 'A fire', 0, 221),
(890, 'An actual dinosaur', 0, 221),
(891, '9 minutes', 0, 222),
(892, '15 minutes', 1, 222),
(893, '32 minutes', 0, 222),
(894, '43 minutes', 0, 222),
(895, 'Whale', 1, 223),
(896, 'Penguin', 0, 223),
(897, 'Chinchilla', 0, 223),
(898, 'Chicken', 0, 223),
(899, 'The Lion King', 0, 224),
(900, 'The Matrix', 0, 224),
(901, 'The Phantom Menace', 0, 224),
(902, 'Titanic', 1, 224),
(903, 'Donald Gennaro', 1, 225),
(904, 'Dennis Nedry', 0, 225),
(905, 'Robert Muldoon', 0, 225),
(906, 'A Brachiosaurus', 0, 225),
(907, '1993', 1, 226),
(908, '1988', 0, 226),
(909, '1999', 0, 226),
(910, '1973', 0, 226),
(911, 'Steven Spielberg', 1, 227),
(912, 'Martin Scorsese', 0, 227),
(913, 'Ron Howard', 0, 227),
(914, 'Clint Eastwood', 0, 227),
(915, 'John Hammond', 1, 228),
(916, 'Ian Stockholm', 0, 228),
(917, 'Sam Neill', 0, 228),
(918, 'Stark Nielson', 0, 228),
(919, 'Sam Neill', 1, 229),
(920, 'Jeff Goldblum', 0, 229),
(921, 'Martin Ferrero', 0, 229),
(922, 'Samuel L. Jackson', 0, 229),
(923, 'Isla Nublar', 1, 230),
(924, 'Isla Sorna', 0, 230),
(925, 'Isla Nueva', 0, 230),
(926, 'Isla Icca', 0, 230),
(927, 'Velociraptor', 1, 231),
(928, 'Tyrannosaurus Rex', 0, 231),
(929, 'Brachiosaurus', 0, 231),
(930, 'Monosaur', 0, 231),
(931, 'Tortoise', 1, 232),
(932, 'Deer', 0, 232),
(933, 'Dog', 0, 232),
(934, 'Bear ', 0, 232),
(935, 'InGen', 1, 233),
(936, 'Engine', 0, 233),
(937, 'Angen', 0, 233),
(938, 'Exxon', 0, 233),
(939, 'Lawyer', 1, 234),
(940, 'Tour Guide', 0, 234),
(941, 'Doctor', 0, 234),
(942, 'IT personnel', 0, 234),
(943, 'Triceratops', 1, 235),
(944, 'Pterodactylus', 0, 235),
(945, 'Sauropoda', 0, 235),
(946, 'Stegosaurus', 0, 235),
(947, 'Dilophosaurus', 1, 236),
(948, 'Brontosaurus', 0, 236),
(949, 'Velociraptor', 0, 236),
(950, 'Tyrannosaurus Rex', 0, 236),
(951, 'When Dinosaurs Ruled the Earth', 1, 237),
(952, 'Welcome to Jurassic Park', 0, 237),
(953, 'Beware of Dinosaurs', 0, 237),
(954, 'Take a Walk on the Wild Side', 0, 237),
(955, 'Water', 1, 238),
(956, 'Soda', 0, 238),
(957, 'Milk', 0, 238),
(958, 'Tea', 0, 238),
(959, 'Michael Crichton', 1, 239),
(960, 'Stephen King', 0, 239),
(961, 'James Patterson', 0, 239),
(962, 'Francis Rivers', 0, 239),
(963, 'Harrison Ford', 1, 240),
(964, 'Sylvester Stallone', 0, 240),
(965, 'Hugh Jackman', 0, 240),
(966, 'Chris Hemsworth 0 ', 0, 240),
(967, '127 minutes', 1, 241),
(968, '300 minutes', 0, 241),
(969, '93 minutes', 0, 241),
(970, '260 minutes', 0, 241),
(971, 'Hawaii\'s Kauai Island', 1, 242),
(972, 'The Dominican Republic', 0, 242),
(973, 'Cuba', 0, 242),
(974, 'Vancouver', 0, 242),
(975, 'Can of shaving cream', 1, 243),
(976, 'Lunch box', 0, 243),
(977, 'Soda bottle', 0, 243),
(978, 'Cardboard box', 0, 243),
(979, 'Richard Attenborough', 1, 244),
(980, 'Jeff Goldblum', 0, 244),
(981, 'Sam Neill', 0, 244),
(982, 'Samuel L. Jackson', 0, 244),
(983, 'BD Wong', 1, 244),
(984, 'Laura Dern', 0, 245),
(985, 'Sam Neill', 0, 245),
(986, 'Jeff Goldblum', 0, 245),
(987, 'Ian Malcolm', 1, 246),
(988, 'Dr. Alan Grant', 0, 246),
(989, 'Dr. Henry Wu', 0, 246),
(990, 'John Hammond', 0, 246),
(991, 'Amber', 1, 247),
(992, 'Coal', 0, 247),
(993, 'Silver', 0, 247),
(994, 'Iron ore', 0, 247),
(995, 'Mr. DNA', 1, 248),
(996, 'Prehistoric Joe', 0, 248),
(997, 'Dino Dan', 0, 248),
(998, 'Wild Wally', 0, 248),
(999, 'Velociraptor', 1, 249),
(1000, 'Triceratops', 0, 249),
(1001, 'Titanosaurus', 0, 249),
(1002, 'Microrapter ', 0, 249),
(1003, 'Spitter', 1, 250),
(1004, 'Winger', 0, 250),
(1005, 'Runner', 0, 250),
(1006, 'Skipper', 0, 250),
(1007, 'Paleontologist', 1, 251),
(1008, 'Architect', 0, 251),
(1009, 'Archaeologist', 0, 251),
(1010, 'Doctor', 0, 251),
(1011, 'Five', 1, 252),
(1012, 'Twenty', 0, 252),
(1013, 'Thirteen', 0, 252),
(1014, 'Zero', 0, 252),
(1015, 'Three', 1, 253),
(1016, 'Ten', 0, 253),
(1017, 'Fourteen', 0, 253),
(1018, 'Zero', 0, 253),
(1019, 'Costa Rica', 1, 254),
(1020, 'Panama', 0, 254),
(1021, 'Australia', 0, 254),
(1022, 'Portugal', 0, 254),
(1023, 'Montana', 1, 255),
(1024, 'North Dakota', 0, 255),
(1025, 'Texas', 0, 255),
(1026, 'Florida', 0, 255),
(1027, 'Parasaurolophus', 1, 256),
(1028, 'Ramphosaurus', 0, 256),
(1029, 'Ophalapamus', 0, 256),
(1030, 'Velociraptors ', 0, 256),
(1031, 'Cow', 1, 257),
(1032, 'Horse', 0, 257),
(1033, 'Pig', 0, 257),
(1034, 'Duck ', 0, 257),
(1035, 'BioSyn', 1, 258),
(1036, 'Rancin', 0, 258),
(1037, 'TimeWarp, Inc.', 0, 258),
(1038, 'Wyngyn Classified', 0, 258),
(1039, 'Wayne Knight', 1, 259),
(1040, 'Samuel L. Jackson', 0, 259),
(1041, 'Jeff Goldblum', 0, 259),
(1042, 'Tom Hanks', 0, 259),
(1043, 'Jaws', 1, 260),
(1044, 'Star Wars', 0, 260),
(1045, 'Halloween', 0, 260),
(1046, 'E.T. ', 0, 260);

-- --------------------------------------------------------

--
-- Struktura tabele `leaderboard`
--

CREATE TABLE `leaderboard` (
  `id` int(11) NOT NULL,
  `user_id` int(11) NOT NULL,
  `topic_id` int(11) NOT NULL,
  `date` timestamp NOT NULL DEFAULT CURRENT_TIMESTAMP ON UPDATE CURRENT_TIMESTAMP,
  `points` int(11) NOT NULL
) ENGINE=InnoDB DEFAULT CHARSET=utf8mb4 COLLATE=utf8mb4_slovenian_ci;

-- --------------------------------------------------------

--
-- Struktura tabele `questions`
--

CREATE TABLE `questions` (
  `id` int(11) NOT NULL,
  `content` text COLLATE utf8mb4_slovenian_ci NOT NULL,
  `topic_id` int(11) NOT NULL
) ENGINE=InnoDB DEFAULT CHARSET=utf8mb4 COLLATE=utf8mb4_slovenian_ci;

--
-- Odloži podatke za tabelo `questions`
--

INSERT INTO `questions` (`id`, `content`, `topic_id`) VALUES
(1, 'What did Peggy Carter promise to Steve Rogers before he crashed Red Skull\'s bomber?', 1),
(2, 'Who is Loki\'s biological father?', 1),
(3, 'What powers Iron Man\'s suit?', 1),
(4, 'Who said it : \"I like your knife, I\'m keeping it.\"', 1),
(5, 'Who played Drax the Destroyer?', 1),
(6, 'What\'s Jane Foster\'s profession in the Marvel Cinematic Universe?', 1),
(7, 'Where did Iron Man first face off against Whiplash?', 1),
(8, 'Who said it : \"Nothing goes over my head. My reflexes are too fast. I would catch it.\"', 1),
(9, 'Orb holds which Infinity Stone?', 1),
(10, 'Which of these characters DID NOT wear an Iron Man suit in \'Iron Man 3\'?', 1),
(11, 'How many \"Infinity Stones\" are said to exist in the Marvel Cinematic Universe?', 1),
(12, 'Who said it : \"I recognize the council has made a decision, but given that it\'s a stupid-ass decision, I\'ve elected to ignore it.\"', 1),
(13, 'How does Yondu control his deadly hovering arrow?', 1),
(14, 'What\'s Hawkeye\'s real name?', 1),
(15, 'What\'s Captain America\'s shield made of?', 1),
(16, 'What was the final movie in Marvel\'s \"Phase I\"?', 1),
(17, 'By which of these other monikers is Odin known?', 1),
(18, 'Name this \"mastermind\" behind the Marvel Cinematic Universe.', 1),
(19, 'Who said it : \"I have lived most of my life surrounded by my enemies. I would be grateful to die surrounded by my friends.\"', 1),
(20, 'What brother and sister pair from the comics were revealed in the post-credits scene for \'Captain America: The Winter Soldier\'?', 1),
(21, 'Forged in the heart of a dying star, what is Thor\'s hammer\'s name?', 1),
(22, 'In which Marvel movie did Samuel L. Jackson first appear as Nick Fury?', 1),
(23, 'Who said it : \"If I had a blacklight, this place would look like a Jackson Pollock painting.\"', 1),
(24, 'What race is Ronan the Accuser?', 1),
(25, 'Tesseract is which Infinity Stone?', 1),
(26, 'What was Red Skull\'s real name?', 1),
(27, 'What brothers co-directed \'Captain America: The Winter Soldier\'?', 1),
(28, 'In \'The Avengers,\' what S.H.I.E.L.D. agent does Black Widow say first brought her into the fold?', 1),
(29, 'What power source fuels Tony Stark\'s Iron Man suit?', 1),
(30, 'Who directed \'The Avengers\'?', 1),
(31, 'What classic video game does Tony Stark catch someone playing on the S.H.I.E.L.D. heli-carrier in \'The Avengers\'?', 1),
(32, 'Which infinity stone is in Tessaract?', 1),
(33, 'Which infinity stone is in Scepter?', 1),
(34, 'Which infinity stone is in Aether?', 1),
(35, 'Which infinity stone is in Eye of Agamotto? ', 1),
(36, 'What infinity stone was last revealed in Marvel Cinematic Universe ? ', 1),
(37, 'What year was first Iron Man movie released ?', 1),
(38, 'Which movie ended Marvel Cinematic Universe\'s Phase ?', 1),
(39, 'In which movie did Marvel Cinematic Universe presented first infinity stone?', 1),
(40, 'Which marvel character\'s movie hasn\'t been filmed yet ?', 1),
(41, 'How many stand-alone Iron Man films are there?', 1),
(42, 'How many stand-alone Captain America films are there?', 1),
(43, 'How many stand-alone Thor films are there?', 1),
(44, 'How many stand-alone Guardians of the Galaxy films are there?', 1),
(45, 'How many stand-alone Doctor Strange films are there?', 1),
(46, 'How many stand-alone Spider-man films are there in All new Marvel Cinematic Universe?', 1),
(47, 'How many stand-alone Black Panther films are there?', 1),
(48, 'How many stand-alone Ant-Man films are there?', 1),
(49, 'Which of these characters is not a villain', 1),
(50, 'Who was called numerous time \"a menace\"', 1),
(51, 'What is Professor Xavier\'s Telepathy enhancing-machine called?', 1),
(52, 'What\'s the name of the rival shrinking technology in the 2015 film, Ant Man?', 1),
(53, 'What\'s upcoming sequel to Avengers: Age of Ultron named?', 1),
(54, 'What is Clint Barton\'s weapon of choice?', 1),
(55, 'What realm is Thor from? ', 1),
(56, 'What alias is Black Widow under when she first meets Tony Stark? ', 1),
(57, 'What is Pepper allergic to? ', 1),
(58, 'What support group is Sam Wilson in charge of?', 1),
(59, 'What is the name of Peter Quill\'s ship? ', 1),
(60, 'What is Tony Stark\'s middle name? ', 1),
(61, 'At which university does Betty Ross work? ', 1),
(62, 'What is the name of Alexander Pierce\'s operation? ', 1),
(63, 'What is James Rhodes\' (Rhodey) password? ', 1),
(64, 'What year was Steve Rogers born? ', 1),
(65, 'What fish is being served on Jane Foster\'s date in England?', 1),
(66, 'Which infinity stone is seen in Guardians of the Galaxy?', 1),
(67, 'How long was Tony Stark in captivity? ', 1),
(68, 'Which villain has not yet made an appearance in the Marvel Cinematic Universe? ', 1),
(69, 'What is Superman\'s real name?', 2),
(70, 'What is the name of the Green Arrow\'s apprentice?', 2),
(71, 'Who is the Oracle in the DC Universe?', 2),
(72, 'In the Batman novel \"No Man\'s Land\", who kills Commissioner Gordon\'s lover?', 2),
(73, 'What is the name of the original Flash?', 2),
(74, 'Which of these people was a Green Lantern?', 2),
(75, 'In the graphic novel \"Hush\", who does Batman fall in love with?', 2),
(76, 'Which Green Lantern became Parallax?', 2),
(77, 'The Flash became what kind of lantern during the events of \"Blackest Night\"?', 2),
(78, 'What color is a Green Lantern\'s weakness?', 2),
(79, 'Which Robin did The Joker kill?', 2),
(80, 'What is the name of the object in the DC Universe that can bring someone back to life?', 2),
(81, 'In the DC/Marvel crossover where DC characters fight against Marvel characters, who is Batman matched up against?', 3),
(82, 'Harley Quinn is devoted to which villain?', 2),
(83, 'How does Oliver Queen call his little sister?', 2),
(84, 'Who killed Thomas and Martha Wayne', 2),
(85, 'Who paralyzed Barbara Gordon?', 2),
(86, 'What is the name of Wonder Woman\'s mother?', 2),
(87, 'Connor Hawke is the son of whom?', 2),
(88, 'Which one of these villains was elected as the president of the united states?', 2),
(89, 'Which Green Lantern corps member came from the planet Bolovax Vik ?', 2),
(90, 'Where does Nth Metal Come From?', 2),
(91, 'Who killed superman?', 2),
(92, 'Which Superhero lost his father in a plane crash at an eraly age ?', 2),
(93, 'Who did Wonder Woman kill in \"Sacrifice\"?', 2),
(94, 'Which villain discovered batman\'s secret identity by deduction?', 2),
(95, 'Who was the original Captain Thunder ?', 2),
(96, 'What\'s the Penguin\'s real name ?', 2),
(97, 'What is the name of the police Commissioner in Gotham ?', 2),
(98, 'What planet is Superman from ?', 2),
(99, 'What is Batman\'s superpower ?', 2),
(100, 'Who never been in the Justice League ?', 2),
(101, 'What nationality is Wonder woman?', 2),
(102, 'Who\'s not a member of the Suicide squad ?', 2),
(103, 'Who here is not usually an enemy of Batman ?', 2),
(104, 'What\'s Lobo\'s job ?', 2),
(105, 'Who killed Superman ?', 2),
(106, 'Which DC hero uses a bow and arrow ?', 2),
(107, 'Which hero transform into a young boy ?', 2),
(108, 'What is two-face\'s real name ?', 2),
(109, 'What was the name of the first Green lantern ?', 2),
(110, 'What kind of criminal is Catwoman ?', 2),
(111, 'Who is Godspeed ?', 2),
(112, 'What is Ridler\'s name ?', 2),
(113, 'Which 3 Super Heros are considered part of the Holy Trinity?', 2),
(114, 'Exactly How many Earths are there?', 2),
(115, 'In what year what the Justice Society of America founded?', 2),
(116, 'From what was Wonder Woman created ?', 2),
(117, 'In the television series Young Justice, who are the four young heros who wanted to join the Justice League? ', 2),
(118, 'In what year was DC Comics Created ?', 2),
(119, 'Who are the creators of Batman ?', 2),
(120, 'How many speedsters are there in whole DC universe ?', 2),
(121, 'Who is the creator of the DC Universe ?', 2),
(122, 'Who does Barry Allen (Flash II) end up marrying? ', 2),
(123, 'Who is the Son of Bruce Wayne ?', 2),
(124, 'Who is not a Green Lantern ?', 2),
(125, 'How many Lantern Corps are there? ', 2),
(126, 'What do Bruce Wayne and Oliver Queen have in common? ', 2),
(127, 'Who was the 1st Robin? ', 2),
(128, 'Who created Wonder Woman ?', 2),
(129, 'Green Lantern\'s oath goes : \" In __ day, in ___ night, no __ shall escape my sight ...\"', 2),
(130, 'Sinestro\'s Corps oath goes : \"... Beware your ___ made into light...\"', 2),
(131, 'Red Lantern\'s oath goes : \"\"With __ of crimson red, Ripped from a  ___ ... \"', 2),
(132, 'What does red lantern corps presents ?', 2),
(133, 'What does orange lantern corps presents ?', 2),
(134, 'What does yellow lantern corps presents ?', 2),
(135, 'What does green lantern corps presents ?', 2),
(136, 'What does blue lantern corps presents ?', 2),
(137, 'What does indigo lantern corps presents ?', 2),
(138, 'What does saphpire lantern corps presents ?', 2),
(139, 'What is Beast Boy\'s Real Name?', 2),
(140, 'There are 2 Black Canaries. What is their relationship?', 2),
(141, 'Which Black Canary fell in love with Oliver Queen?', 2),
(142, 'Who is Captain Cold?', 2),
(143, 'What is Cyborg\'s real name and what was his occupation before his accident?', 2),
(144, 'S.T.A.R. Labs stands for what?', 2),
(145, 'Darkseid secretly married who?', 2),
(146, 'What is Deadshot\'s Real name?', 2),
(147, 'How is DC Comics reboot called ?', 2),
(148, 'Who are the Original two halves of Firestorm?', 2),
(149, 'Which Jedi was NOT present at the Battle of Geonosis ?', 4),
(150, 'Which Jedi met their demise at the battle of Felucia ?', 4),
(151, 'Which Jedi served as the master of Kanan Jarrus before the events of Order 66 ?', 4),
(152, 'Which two Jedi announced Ashoka Tano\'s Explusion from the Jedi Order at the end of her trial ?', 4),
(153, 'What is the name of the other Jedi that is the same species as Yoda ?', 4),
(154, 'Which Jedi partnered with assassin Asajj Ventress in an attempt to kill Count Dooku ?', 4),
(155, 'What is the name of the Jedi who commissioned the creation of the clone army ? ', 4),
(156, 'What was the name of the group of clones commanded by Jedi General Plo Koon ?', 4),
(157, 'About how many Jedi did Yoda train during his lifetime ?', 4),
(158, 'What is the name of the planet Luke Skywalker retreats to after his nephew falls to the dark side ?', 4),
(159, 'Denis Lawson, who played Wedge Antilles, is which other Star Wars actor\'s uncle ?', 4),
(160, 'Which of the following Star Wars films did George Lucas NOT direct ? ', 4),
(161, 'Which Star Wars actor was nominated for an Academy Award ? ', 4),
(162, 'How many parsecs did the Millennium Falcon make the Kessel Run in ?', 4),
(163, 'What planet did the Empire use the Death Star to destroy ? ', 4),
(164, 'Who was Princess Leia\'s only hope ? ', 4),
(165, 'Which of the following characters did NOT say the line, \"I have a bad feeling about this\" ?', 4),
(166, 'What other name did Queen Amidala go by ?', 4),
(167, 'Who was the voice of Yoda? ', 4),
(168, 'What was the name of Boba Fett\'s ship? ', 4),
(169, 'Harrison Ford got the part of Han Solo by doing what? ', 4),
(170, 'What does a Jedi crave not, according to Yoda? ', 4),
(171, 'Who played the voice of Darth Vader? ', 4),
(172, 'Who did actress Carrie Fisher admit to having an affair with while filming the first Star Wars movie?', 4),
(173, 'Who played Darth Maul?', 4),
(174, 'What animal did Han Solo slice open to keep Luke Skywalker warm on Hoth?', 4),
(175, 'What was the Empire based off of?    ', 4),
(176, 'Which character didn\'t originally appear in A New Hope, but was added in digitally for the film\'s re-release? ', 4),
(177, 'How many theaters did Star Wars: Episode IV open in originally? ', 4),
(178, 'How many Academy Award nominations did Star Wars episode IV earn for acting? ', 4),
(179, 'Who was the voice of Jar Jar Binks? ', 4),
(180, 'How does most Star Wars movies begin? ', 4),
(181, 'Which actor was so excited to use a lightsaber that he made his own sound effects during fight scenes? ', 4),
(182, 'Which actor played Lando Calrissian?', 4),
(183, 'Who first comes to save Han from Jabba the Hut but is captured and enslaved? ', 4),
(184, 'What is Han Solo frozen in at the end of The Empire Strikes Back?  ', 4),
(185, 'Which actor almost played the voice of Darth Vader? ', 4),
(186, 'What country was used for the location shots on Planet Hoth? ', 4),
(187, 'What country served as the location for Tatooine?', 4),
(188, 'Which character said, \"These aren’t the droids you\'re looking for\"?', 4),
(189, 'What vehicle has been commonl used by rebelion against  Galactic Empire?', 4),
(190, 'Who became one with the force, when he was stroke down by Darth Vader ?', 4),
(191, 'Which of the following questions is debated among Star Wars fans? ', 4),
(192, 'Alec Guinness had very specific conditions for appearing in the first film. Which of the following did he demand? ', 4),
(193, 'How much did George Lucas sell Lucas film to Disney for?', 4),
(194, 'What name was Return of the Jedi given to prevent people from finding out or leaking any information about the film? ', 4),
(195, 'What word was never spoken during Return of the Jedi? ', 4),
(196, 'Who played Wicket the Ewok?', 4),
(197, 'What did Verizon have to pay Lucas film for the right to use?', 4),
(198, 'Who played Queen Amidala\'s Decoy in The Phantom Menace? ', 4),
(199, 'According to Peter Mayhew, he wasn\'t allowed to do what while shooting the scenes on Endor? ', 4),
(200, 'How much was Harrison Ford\'s \"reward\" for filming A New Hope? ', 4),
(201, 'What was Luke Skywalker\'s last name originally supposed to be?', 4),
(202, 'What was Yoda originally going to be played by? ', 4),
(203, 'R2-D2 wasn\'t always supposed to communicate through beeps. What language did he originally speak? ', 4),
(204, 'What city was Lando the leader of? ', 4),
(205, 'What special concession did George Lucas make to Samuel L. Jackson when he joined the \'Star Wars\' prequels?', 4),
(206, 'Who said it : \"I think it is time we demonstrated the full power of this station.\"', 4),
(207, 'Which of these was not one of Darth Sidious\' Sith apprentices?', 4),
(208, 'What were Anakin Skywalker\'s last words in \'Return of the Jedi\'?', 4),
(209, 'In the \'Star Wars\' movies, who was Anakin Skywalker\'s father?', 4),
(210, 'What were the two opposing organizations in the Clone Wars?', 4),
(211, 'What is the name of the fictional island Jurassic Park is situated on?', 5),
(212, 'Jurassic Park founder John Hammond (Richard Attenborough) tells his guests that his first ever attraction was… ', 5),
(213, 'What is Jeff Goldblum\'s character\'s job?', 5),
(214, 'What was Jurassic Park\'s tagline?', 5),
(215, 'Laura Dern played Dr. Ellie Sattler – but who was originally offered the role?', 5),
(216, 'What kind of dinosaur do you see the Tyrannosaurus eat in the film?', 5),
(217, 'What prevents the Jurassic Park dinosaurs from reproducing?', 5),
(218, 'What breed is the \'ill\' dinosaur the visitors come across on their initial tour of Jurassic Park?', 5),
(219, 'Why does Dennis Nedry shut down the park\'s security systems?', 5),
(220, 'How did the filmmakers make the famous glass of water ripple as T Rex approached? ', 5),
(221, 'What calamitous event in September 1992 held up filming?', 5),
(222, 'For how many minutes of the film are dinosaurs on screen?', 5),
(223, 'The Tyrannousauras sound effects were made up various other animals\' noises, including a…', 5),
(224, 'Jurassic Park broke box office records - but which was the first film to break Jurassic Park\'s record? ', 5),
(225, 'Which character dies on the toilet?', 5),
(226, 'What year was Jurassic Park released?', 5),
(227, 'Who directed Jurassic Park?', 5),
(228, 'Who is the park\'s founder?', 5),
(229, 'Which actor plays Dr. Alan Grant?', 5),
(230, 'What is the name of the island in Jurassic Park?', 5),
(231, 'Based on what we see in Jurassic Park, which dinosaur is generally referred to as the most intelligent dinosaur?', 5),
(232, 'The velociraptors have a distinct barking sound when they communicate. What real-life animal actually made this sound for the movie?', 5),
(233, 'What bioengineering company did John Hammond found?', 5),
(234, 'Which person gets eaten while on the toilet in Jurassic Park?', 5),
(235, 'Which type of dinosaur did Ellie Sattler want to take care of when she discovered it was sick?', 5),
(236, 'Which dinosaur in Jurassic Park had a venom-spitting capability and a rattling, expanding neck?', 5),
(237, 'Near the end of the film, a T. Rex is shown standing among a destroyed building. A banner falls around it. What does the banner say?', 5),
(238, 'What liquid ripples in a glass when the T. Rex approaches?', 5),
(239, 'Jurassic Park is based on a book by the same name. Who is the book\'s author?', 5),
(240, 'Which adventure star turned down the role of Dr. Alan Grant?', 5),
(241, 'What is the movie\'s running time?', 5),
(242, 'Where was most of Jurassic Park filmed?', 5),
(243, 'Which actor played the role of John Hammond?', 5),
(244, 'What does Dennis Nedry use to smuggle dinosaur embryos out of the park?', 5),
(245, 'Which Jurassic Park cast member reprised their role in the fourth film, Jurassic World?', 5),
(246, 'Which character primarily wears black throughout the film?', 5),
(247, 'InGen was mining what in order to find dinosaur DNA?', 5),
(248, 'What was the name of the cartoon character designed to explain the dinosaur cloning process to guests?', 5),
(249, 'What type of dinosaur comes out of the egg in the egg-hatching scene?', 5),
(250, 'What nickname did the movie crew give the Dilophosaurus?', 5),
(251, 'What is Dr. Alan Grant\'s job title?', 5),
(252, 'How many people die in the original Jurassic Park movie?', 5),
(253, 'How many dinosaurs died in the original Jurassic Park movie?', 5),
(254, 'Isla Nublar and Isla Sorna are supposed to be islands off the coast of what country?', 5),
(255, 'Near the beginning of the film, in what state are Dr. Grant and Ellie Sattler excavating?', 5),
(256, 'When the park\'s guests tour the park early in the film, they see a Brachiosaurus with a herd of what?', 5),
(257, 'During the scene showcasing the daily feeding of the dinosaurs, what animal was lowered into the pit?', 5),
(258, 'What is the name of InGen\'s rival corporation?', 5),
(259, 'Who plays the character of Dennis Nedry?', 5),
(260, 'What movie is playing on one of Nedry\'s computer screens?', 5);

-- --------------------------------------------------------

--
-- Struktura tabele `restricted_access`
--

CREATE TABLE `restricted_access` (
  `id` int(11) NOT NULL,
  `name` text COLLATE utf8mb4_slovenian_ci NOT NULL
) ENGINE=InnoDB DEFAULT CHARSET=utf8mb4 COLLATE=utf8mb4_slovenian_ci;

--
-- Odloži podatke za tabelo `restricted_access`
--

INSERT INTO `restricted_access` (`id`, `name`) VALUES
(1, 'User'),
(2, 'Super-User'),
(3, 'Administrator');

-- --------------------------------------------------------

--
-- Struktura tabele `topics`
--

CREATE TABLE `topics` (
  `id` int(11) NOT NULL,
  `name` text COLLATE utf8_slovenian_ci NOT NULL
) ENGINE=InnoDB DEFAULT CHARSET=utf8 COLLATE=utf8_slovenian_ci;

--
-- Odloži podatke za tabelo `topics`
--

INSERT INTO `topics` (`id`, `name`) VALUES
(1, 'Marvel'),
(2, 'DC'),
(3, 'Marvel_DC'),
(4, 'StarWars'),
(5, 'Jurassic_Park');

-- --------------------------------------------------------

--
-- Struktura tabele `users`
--

CREATE TABLE `users` (
  `id` int(11) NOT NULL,
  `user` varchar(100) COLLATE utf8mb4_slovenian_ci NOT NULL,
  `password` varchar(40) COLLATE utf8mb4_slovenian_ci NOT NULL,
  `email` text COLLATE utf8mb4_slovenian_ci NOT NULL,
  `restriction_id` int(11) NOT NULL
) ENGINE=InnoDB DEFAULT CHARSET=utf8mb4 COLLATE=utf8mb4_slovenian_ci;

--
-- Odloži podatke za tabelo `users`
--

INSERT INTO `users` (`id`, `user`, `password`, `email`, `restriction_id`) VALUES
(1, 'Tomas', '473e34bf8660da82e43a18712019660a8112c053', 'plesnik.tomaz@gmail.com', 3),
(2, 'test2', '58d199f4b2f7d9773140a5e7fa351da3088e8d4e', 'test2@neki.com', 2),
(3, 'test', '7257a3b1b4849d2ccfae5263936af6fcd2b5bc7f', 'test@neki.com', 1),
(4, 'klemen.plesnik', 'd7529cd5b76f5caad72d92ef95f3732aebe2d91e', 'black.white.rag@gmail.com', 1),
(5, 'ššš', 'af53eb5f82ac21f6e6f9002a031a0778bee77a56', 'sss@gmail.com', 1);

--
-- Indeksi zavrženih tabel
--

--
-- Indeksi tabele `answers`
--
ALTER TABLE `answers`
  ADD PRIMARY KEY (`id`);

--
-- Indeksi tabele `leaderboard`
--
ALTER TABLE `leaderboard`
  ADD PRIMARY KEY (`id`);

--
-- Indeksi tabele `questions`
--
ALTER TABLE `questions`
  ADD PRIMARY KEY (`id`);

--
-- Indeksi tabele `restricted_access`
--
ALTER TABLE `restricted_access`
  ADD PRIMARY KEY (`id`);

--
-- Indeksi tabele `topics`
--
ALTER TABLE `topics`
  ADD PRIMARY KEY (`id`);

--
-- Indeksi tabele `users`
--
ALTER TABLE `users`
  ADD PRIMARY KEY (`id`),
  ADD UNIQUE KEY `user` (`user`);

--
-- AUTO_INCREMENT zavrženih tabel
--

--
-- AUTO_INCREMENT tabele `answers`
--
ALTER TABLE `answers`
  MODIFY `id` int(11) NOT NULL AUTO_INCREMENT, AUTO_INCREMENT=1047;

--
-- AUTO_INCREMENT tabele `leaderboard`
--
ALTER TABLE `leaderboard`
  MODIFY `id` int(11) NOT NULL AUTO_INCREMENT;

--
-- AUTO_INCREMENT tabele `questions`
--
ALTER TABLE `questions`
  MODIFY `id` int(11) NOT NULL AUTO_INCREMENT, AUTO_INCREMENT=261;

--
-- AUTO_INCREMENT tabele `restricted_access`
--
ALTER TABLE `restricted_access`
  MODIFY `id` int(11) NOT NULL AUTO_INCREMENT, AUTO_INCREMENT=4;

--
-- AUTO_INCREMENT tabele `topics`
--
ALTER TABLE `topics`
  MODIFY `id` int(11) NOT NULL AUTO_INCREMENT, AUTO_INCREMENT=21;

--
-- AUTO_INCREMENT tabele `users`
--
ALTER TABLE `users`
  MODIFY `id` int(11) NOT NULL AUTO_INCREMENT, AUTO_INCREMENT=12;
COMMIT;

/*!40101 SET CHARACTER_SET_CLIENT=@OLD_CHARACTER_SET_CLIENT */;
/*!40101 SET CHARACTER_SET_RESULTS=@OLD_CHARACTER_SET_RESULTS */;
/*!40101 SET COLLATION_CONNECTION=@OLD_COLLATION_CONNECTION */;
